id,image_url,type
444895,https://inaturalist-open-data.s3.amazonaws.com/photos/560167/medium.JPG,желтоносая
1500810,https://inaturalist-open-data.s3.amazonaws.com/photos/1858853/medium.JPG,желтоносая
1645814,https://static.inaturalist.org/photos/2019130/medium.jpg,желтоносая
2011133,https://inaturalist-open-data.s3.amazonaws.com/photos/2449029/medium.JPG,желтоносая
3989043,https://inaturalist-open-data.s3.amazonaws.com/photos/4709637/medium.jpg,желтоносая
4634399,https://inaturalist-open-data.s3.amazonaws.com/photos/5608027/medium.jpg,желтоносая
4680041,https://inaturalist-open-data.s3.amazonaws.com/photos/5679245/medium.jpeg,желтоносая
5285260,https://inaturalist-open-data.s3.amazonaws.com/photos/6536024/medium.jpeg,желтоносая
5457644,https://inaturalist-open-data.s3.amazonaws.com/photos/73901043/medium.jpeg,желтоносая
6808963,https://inaturalist-open-data.s3.amazonaws.com/photos/8662446/medium.jpeg,желтоносая
7305321,https://inaturalist-open-data.s3.amazonaws.com/photos/9454723/medium.jpg,желтоносая
7631759,https://inaturalist-open-data.s3.amazonaws.com/photos/9980291/medium.jpeg,желтоносая
7723463,https://inaturalist-open-data.s3.amazonaws.com/photos/10132195/medium.jpg,желтоносая
7946116,https://static.inaturalist.org/photos/10494608/medium.jpg,желтоносая
8444753,https://static.inaturalist.org/photos/11250375/medium.jpeg,желтоносая
8707224,https://inaturalist-open-data.s3.amazonaws.com/photos/11675157/medium.jpeg,желтоносая
8810511,https://inaturalist-open-data.s3.amazonaws.com/photos/11833480/medium.jpg,желтоносая
8839625,https://inaturalist-open-data.s3.amazonaws.com/photos/11876845/medium.jpg,желтоносая
9126503,https://inaturalist-open-data.s3.amazonaws.com/photos/12333411/medium.jpg,желтоносая
9800884,https://inaturalist-open-data.s3.amazonaws.com/photos/13410672/medium.jpg,желтоносая
10506717,https://inaturalist-open-data.s3.amazonaws.com/photos/14626992/medium.jpg,желтоносая
10685346,https://inaturalist-open-data.s3.amazonaws.com/photos/14919061/medium.jpeg,желтоносая
11730355,https://inaturalist-open-data.s3.amazonaws.com/photos/16773519/medium.jpg,желтоносая
12511833,https://inaturalist-open-data.s3.amazonaws.com/photos/18064209/medium.jpeg,желтоносая
14729554,https://static.inaturalist.org/photos/21970703/medium.jpg,желтоносая
15826789,https://inaturalist-open-data.s3.amazonaws.com/photos/23659352/medium.jpeg,желтоносая
15870286,https://inaturalist-open-data.s3.amazonaws.com/photos/23730149/medium.jpg,желтоносая
16652983,https://inaturalist-open-data.s3.amazonaws.com/photos/25108130/medium.jpeg,желтоносая
17057158,https://inaturalist-open-data.s3.amazonaws.com/photos/25810736/medium.jpg,желтоносая
17827740,https://inaturalist-open-data.s3.amazonaws.com/photos/27209741/medium.jpeg,желтоносая
17859735,https://static.inaturalist.org/photos/27264879/medium.jpg,желтоносая
18010558,https://inaturalist-open-data.s3.amazonaws.com/photos/27533331/medium.jpg,желтоносая
18032171,https://inaturalist-open-data.s3.amazonaws.com/photos/27569384/medium.jpg,желтоносая
18323469,https://inaturalist-open-data.s3.amazonaws.com/photos/27998447/medium.jpg,желтоносая
18323549,https://inaturalist-open-data.s3.amazonaws.com/photos/27998896/medium.jpg,желтоносая
18683047,https://inaturalist-open-data.s3.amazonaws.com/photos/28625755/medium.jpg,желтоносая
18912648,https://static.inaturalist.org/photos/28987356/medium.jpg,желтоносая
19280704,https://inaturalist-open-data.s3.amazonaws.com/photos/29632773/medium.jpg,желтоносая
19312413,https://inaturalist-open-data.s3.amazonaws.com/photos/29688196/medium.jpeg,желтоносая
19527689,https://inaturalist-open-data.s3.amazonaws.com/photos/30051478/medium.jpeg,желтоносая
19715811,https://static.inaturalist.org/photos/30373860/medium.jpg,желтоносая
20294880,https://inaturalist-open-data.s3.amazonaws.com/photos/31331895/medium.jpeg,желтоносая
20380223,https://inaturalist-open-data.s3.amazonaws.com/photos/31474005/medium.jpeg,желтоносая
20418512,https://inaturalist-open-data.s3.amazonaws.com/photos/31527420/medium.jpeg,желтоносая
22726950,https://inaturalist-open-data.s3.amazonaws.com/photos/35216910/medium.jpeg,желтоносая
23879640,https://inaturalist-open-data.s3.amazonaws.com/photos/36947231/medium.jpeg,желтоносая
23891239,https://inaturalist-open-data.s3.amazonaws.com/photos/36962766/medium.jpeg,желтоносая
25176872,https://inaturalist-open-data.s3.amazonaws.com/photos/38969041/medium.jpg,желтоносая
26941877,https://inaturalist-open-data.s3.amazonaws.com/photos/41867038/medium.jpeg,желтоносая
27397717,https://inaturalist-open-data.s3.amazonaws.com/photos/42623930/medium.jpeg,желтоносая
28226201,https://inaturalist-open-data.s3.amazonaws.com/photos/43985197/medium.jpg,желтоносая
28342038,https://inaturalist-open-data.s3.amazonaws.com/photos/44174563/medium.jpg,желтоносая
28667625,https://static.inaturalist.org/photos/44703615/medium.jpeg,желтоносая
31051141,https://inaturalist-open-data.s3.amazonaws.com/photos/48558435/medium.jpeg,желтоносая
32089321,https://inaturalist-open-data.s3.amazonaws.com/photos/50296202/medium.jpeg,желтоносая
32432672,https://inaturalist-open-data.s3.amazonaws.com/photos/50867303/medium.jpg,желтоносая
32438553,https://inaturalist-open-data.s3.amazonaws.com/photos/50877216/medium.jpg,желтоносая
33471170,https://inaturalist-open-data.s3.amazonaws.com/photos/52573270/medium.jpeg,желтоносая
34074030,https://inaturalist-open-data.s3.amazonaws.com/photos/53580098/medium.jpg,желтоносая
34627177,https://inaturalist-open-data.s3.amazonaws.com/photos/54515877/medium.jpeg,желтоносая
34659471,https://inaturalist-open-data.s3.amazonaws.com/photos/54572442/medium.jpg,желтоносая
34796018,https://inaturalist-open-data.s3.amazonaws.com/photos/54806281/medium.jpg,желтоносая
35425491,https://inaturalist-open-data.s3.amazonaws.com/photos/55859059/medium.jpg,желтоносая
35488673,https://inaturalist-open-data.s3.amazonaws.com/photos/55962648/medium.jpeg,желтоносая
35625647,https://inaturalist-open-data.s3.amazonaws.com/photos/56194352/medium.jpg,желтоносая
36411403,https://inaturalist-open-data.s3.amazonaws.com/photos/57554629/medium.jpeg,желтоносая
36612026,https://inaturalist-open-data.s3.amazonaws.com/photos/57895914/medium.jpg,желтоносая
36612027,https://inaturalist-open-data.s3.amazonaws.com/photos/57895917/medium.jpg,желтоносая
36710079,https://inaturalist-open-data.s3.amazonaws.com/photos/58070122/medium.jpeg,желтоносая
37057939,https://inaturalist-open-data.s3.amazonaws.com/photos/58687934/medium.jpg,желтоносая
37253738,https://inaturalist-open-data.s3.amazonaws.com/photos/59022740/medium.jpeg,желтоносая
37323578,https://static.inaturalist.org/photos/59147386/medium.jpg,желтоносая
37427353,https://static.inaturalist.org/photos/59331643/medium.jpg,желтоносая
38163820,https://static.inaturalist.org/photos/60615234/medium.jpeg,желтоносая
38172425,https://inaturalist-open-data.s3.amazonaws.com/photos/60629135/medium.jpeg,желтоносая
38285245,https://inaturalist-open-data.s3.amazonaws.com/photos/60786810/medium.jpg,желтоносая
38395137,https://inaturalist-open-data.s3.amazonaws.com/photos/61013678/medium.jpg,желтоносая
38434014,https://inaturalist-open-data.s3.amazonaws.com/photos/61081624/medium.jpg,желтоносая
38713362,https://inaturalist-open-data.s3.amazonaws.com/photos/61571538/medium.jpg,желтоносая
40894049,https://inaturalist-open-data.s3.amazonaws.com/photos/64832512/medium.jpeg,желтоносая
42259709,https://inaturalist-open-data.s3.amazonaws.com/photos/67089648/medium.jpg,желтоносая
42284119,https://static.inaturalist.org/photos/67130537/medium.jpg,желтоносая
42408962,https://inaturalist-open-data.s3.amazonaws.com/photos/67334982/medium.jpg,желтоносая
43089679,https://inaturalist-open-data.s3.amazonaws.com/photos/68409802/medium.jpeg,желтоносая
43172190,https://inaturalist-open-data.s3.amazonaws.com/photos/68522466/medium.jpeg,желтоносая
43590105,https://inaturalist-open-data.s3.amazonaws.com/photos/69155066/medium.jpg,желтоносая
43669078,https://inaturalist-open-data.s3.amazonaws.com/photos/69248017/medium.jpeg,желтоносая
43669390,https://inaturalist-open-data.s3.amazonaws.com/photos/69268391/medium.jpeg,желтоносая
43880841,https://inaturalist-open-data.s3.amazonaws.com/photos/69569846/medium.jpeg,желтоносая
44420271,https://inaturalist-open-data.s3.amazonaws.com/photos/70427684/medium.jpeg,желтоносая
44614871,https://inaturalist-open-data.s3.amazonaws.com/photos/70732387/medium.jpg,желтоносая
44858269,https://inaturalist-open-data.s3.amazonaws.com/photos/71113705/medium.jpeg,желтоносая
44997615,https://inaturalist-open-data.s3.amazonaws.com/photos/71337384/medium.jpg,желтоносая
47075561,https://inaturalist-open-data.s3.amazonaws.com/photos/74660306/medium.jpg,желтоносая
47433230,https://inaturalist-open-data.s3.amazonaws.com/photos/75229750/medium.jpg,желтоносая
48667375,https://inaturalist-open-data.s3.amazonaws.com/photos/77232390/medium.jpeg,желтоносая
49241118,https://static.inaturalist.org/photos/78162703/medium.jpg,желтоносая
49244732,https://static.inaturalist.org/photos/78168783/medium.jpg,желтоносая
50900663,https://inaturalist-open-data.s3.amazonaws.com/photos/80841148/medium.jpeg,желтоносая
52371403,https://inaturalist-open-data.s3.amazonaws.com/photos/83246931/medium.jpg,желтоносая
53553761,https://inaturalist-open-data.s3.amazonaws.com/photos/85181043/medium.jpeg,желтоносая
53581262,https://inaturalist-open-data.s3.amazonaws.com/photos/85224411/medium.jpeg,желтоносая
53591553,https://inaturalist-open-data.s3.amazonaws.com/photos/85242582/medium.jpg,желтоносая
53834643,https://inaturalist-open-data.s3.amazonaws.com/photos/85637203/medium.jpeg,желтоносая
53851531,https://inaturalist-open-data.s3.amazonaws.com/photos/85663385/medium.jpeg,желтоносая
54557555,https://inaturalist-open-data.s3.amazonaws.com/photos/86814941/medium.jpeg,желтоносая
54671108,https://inaturalist-open-data.s3.amazonaws.com/photos/87001306/medium.jpg,желтоносая
58447920,https://inaturalist-open-data.s3.amazonaws.com/photos/93315106/medium.jpg,желтоносая
59203524,https://inaturalist-open-data.s3.amazonaws.com/photos/94582518/medium.jpeg,желтоносая
60453112,https://inaturalist-open-data.s3.amazonaws.com/photos/96666878/medium.jpeg,желтоносая
61007606,https://inaturalist-open-data.s3.amazonaws.com/photos/97576671/medium.jpeg,желтоносая
61010055,https://inaturalist-open-data.s3.amazonaws.com/photos/97575119/medium.jpeg,желтоносая
61140035,https://inaturalist-open-data.s3.amazonaws.com/photos/97808810/medium.jpeg,желтоносая
61197055,https://inaturalist-open-data.s3.amazonaws.com/photos/97902264/medium.jpg,желтоносая
61216202,https://inaturalist-open-data.s3.amazonaws.com/photos/97931792/medium.jpeg,желтоносая
61287261,https://inaturalist-open-data.s3.amazonaws.com/photos/98056585/medium.jpeg,желтоносая
61287478,https://inaturalist-open-data.s3.amazonaws.com/photos/98056898/medium.jpeg,желтоносая
61291195,https://inaturalist-open-data.s3.amazonaws.com/photos/98063712/medium.jpeg,желтоносая
61880838,https://inaturalist-open-data.s3.amazonaws.com/photos/99074476/medium.jpeg,желтоносая
62339822,https://inaturalist-open-data.s3.amazonaws.com/photos/99867303/medium.jpg,желтоносая
63233458,https://inaturalist-open-data.s3.amazonaws.com/photos/101450828/medium.jpg,желтоносая
64156987,https://inaturalist-open-data.s3.amazonaws.com/photos/103099401/medium.jpg,желтоносая
65210706,https://inaturalist-open-data.s3.amazonaws.com/photos/104921639/medium.jpg,желтоносая
65270031,https://inaturalist-open-data.s3.amazonaws.com/photos/105021151/medium.jpeg,желтоносая
65888431,https://inaturalist-open-data.s3.amazonaws.com/photos/106124301/medium.jpg,желтоносая
66369767,https://inaturalist-open-data.s3.amazonaws.com/photos/106978331/medium.jpg,желтоносая
66470073,https://inaturalist-open-data.s3.amazonaws.com/photos/107161241/medium.jpeg,желтоносая
66569614,https://inaturalist-open-data.s3.amazonaws.com/photos/107343778/medium.jpg,желтоносая
66733771,https://inaturalist-open-data.s3.amazonaws.com/photos/107646160/medium.jpeg,желтоносая
66738996,https://static.inaturalist.org/photos/107656322/medium.jpg,желтоносая
66978791,https://inaturalist-open-data.s3.amazonaws.com/photos/108102036/medium.jpg,желтоносая
67331969,https://inaturalist-open-data.s3.amazonaws.com/photos/108761534/medium.jpeg,желтоносая
67854648,https://inaturalist-open-data.s3.amazonaws.com/photos/109736997/medium.jpeg,желтоносая
67863724,https://inaturalist-open-data.s3.amazonaws.com/photos/109753095/medium.jpg,желтоносая
68212169,https://inaturalist-open-data.s3.amazonaws.com/photos/110391037/medium.jpeg,желтоносая
68655158,https://inaturalist-open-data.s3.amazonaws.com/photos/111224404/medium.jpg,желтоносая
68856356,https://inaturalist-open-data.s3.amazonaws.com/photos/111596999/medium.jpeg,желтоносая
68912338,https://inaturalist-open-data.s3.amazonaws.com/photos/111701356/medium.jpg,желтоносая
68912341,https://inaturalist-open-data.s3.amazonaws.com/photos/111701364/medium.jpg,желтоносая
68912342,https://inaturalist-open-data.s3.amazonaws.com/photos/111701372/medium.jpg,желтоносая
68912343,https://inaturalist-open-data.s3.amazonaws.com/photos/111701368/medium.jpg,желтоносая
68912347,https://inaturalist-open-data.s3.amazonaws.com/photos/111701384/medium.jpg,желтоносая
68912349,https://inaturalist-open-data.s3.amazonaws.com/photos/111701414/medium.jpg,желтоносая
69048851,https://static.inaturalist.org/photos/111953496/medium.jpeg,желтоносая
69144910,https://inaturalist-open-data.s3.amazonaws.com/photos/112133077/medium.jpeg,желтоносая
69304946,https://inaturalist-open-data.s3.amazonaws.com/photos/112438159/medium.jpeg,желтоносая
69633775,https://inaturalist-open-data.s3.amazonaws.com/photos/113014209/medium.jpg,желтоносая
69762062,https://inaturalist-open-data.s3.amazonaws.com/photos/113274417/medium.jpg,желтоносая
69974159,https://inaturalist-open-data.s3.amazonaws.com/photos/113664805/medium.jpeg,желтоносая
71291971,https://static.inaturalist.org/photos/116049150/medium.jpg,желтоносая
71510555,https://inaturalist-open-data.s3.amazonaws.com/photos/116437956/medium.jpeg,желтоносая
71550545,https://inaturalist-open-data.s3.amazonaws.com/photos/116509388/medium.jpeg,желтоносая
72549846,https://inaturalist-open-data.s3.amazonaws.com/photos/118303289/medium.jpg,желтоносая
73193190,https://inaturalist-open-data.s3.amazonaws.com/photos/119467606/medium.jpg,желтоносая
74025064,https://inaturalist-open-data.s3.amazonaws.com/photos/120937343/medium.jpg,желтоносая
74025071,https://inaturalist-open-data.s3.amazonaws.com/photos/120937396/medium.jpg,желтоносая
74353193,https://inaturalist-open-data.s3.amazonaws.com/photos/121510854/medium.jpeg,желтоносая
75638974,https://inaturalist-open-data.s3.amazonaws.com/photos/123774888/medium.jpg,желтоносая
75787387,https://inaturalist-open-data.s3.amazonaws.com/photos/124019705/medium.jpeg,желтоносая
75943656,https://inaturalist-open-data.s3.amazonaws.com/photos/124260684/medium.jpg,желтоносая
76095564,https://static.inaturalist.org/photos/124502197/medium.jpeg,желтоносая
76118353,https://inaturalist-open-data.s3.amazonaws.com/photos/124536182/medium.jpeg,желтоносая
76165524,https://inaturalist-open-data.s3.amazonaws.com/photos/124605128/medium.jpeg,желтоносая
76188132,https://static.inaturalist.org/photos/124639436/medium.jpeg,желтоносая
76211519,https://inaturalist-open-data.s3.amazonaws.com/photos/124673154/medium.jpeg,желтоносая
76251518,https://static.inaturalist.org/photos/124738557/medium.jpg,желтоносая
76512433,https://static.inaturalist.org/photos/125154429/medium.jpeg,желтоносая
76542365,https://inaturalist-open-data.s3.amazonaws.com/photos/125201587/medium.jpeg,желтоносая
76589330,https://inaturalist-open-data.s3.amazonaws.com/photos/125267450/medium.jpg,желтоносая
76663709,https://inaturalist-open-data.s3.amazonaws.com/photos/125325477/medium.jpeg,желтоносая
76896084,https://static.inaturalist.org/photos/125760845/medium.jpeg,желтоносая
76926691,https://inaturalist-open-data.s3.amazonaws.com/photos/125798033/medium.jpeg,желтоносая
76929358,https://inaturalist-open-data.s3.amazonaws.com/photos/125812981/medium.jpeg,желтоносая
76984623,https://inaturalist-open-data.s3.amazonaws.com/photos/125899199/medium.jpeg,желтоносая
76986727,https://static.inaturalist.org/photos/125902755/medium.jpeg,желтоносая
77031669,https://inaturalist-open-data.s3.amazonaws.com/photos/125974364/medium.jpg,желтоносая
77045420,https://inaturalist-open-data.s3.amazonaws.com/photos/125995288/medium.jpg,желтоносая
77063085,https://inaturalist-open-data.s3.amazonaws.com/photos/126022868/medium.jpg,желтоносая
77248122,https://inaturalist-open-data.s3.amazonaws.com/photos/126324478/medium.jpeg,желтоносая
77274342,https://inaturalist-open-data.s3.amazonaws.com/photos/126360200/medium.jpeg,желтоносая
77420459,https://inaturalist-open-data.s3.amazonaws.com/photos/126615070/medium.jpg,желтоносая
77420485,https://inaturalist-open-data.s3.amazonaws.com/photos/126615151/medium.jpg,желтоносая
77421087,https://inaturalist-open-data.s3.amazonaws.com/photos/126616395/medium.jpg,желтоносая
78247987,https://inaturalist-open-data.s3.amazonaws.com/photos/128031913/medium.jpeg,желтоносая
79387945,https://inaturalist-open-data.s3.amazonaws.com/photos/130032650/medium.jpeg,желтоносая
79562705,https://static.inaturalist.org/photos/130327388/medium.jpeg,желтоносая
79855575,https://static.inaturalist.org/photos/130825634/medium.jpg,желтоносая
80855606,https://inaturalist-open-data.s3.amazonaws.com/photos/132558262/medium.jpeg,желтоносая
81014387,https://static.inaturalist.org/photos/132836445/medium.jpeg,желтоносая
82022005,https://inaturalist-open-data.s3.amazonaws.com/photos/134581634/medium.jpeg,желтоносая
84298704,https://static.inaturalist.org/photos/138537395/medium.jpeg,желтоносая
84742883,https://static.inaturalist.org/photos/139313292/medium.jpeg,желтоносая
86481024,https://inaturalist-open-data.s3.amazonaws.com/photos/142467568/medium.jpeg,желтоносая
87409393,https://inaturalist-open-data.s3.amazonaws.com/photos/144105782/medium.jpeg,желтоносая
87524016,https://static.inaturalist.org/photos/144313114/medium.jpeg,желтоносая
87710178,https://inaturalist-open-data.s3.amazonaws.com/photos/144631557/medium.jpeg,желтоносая
87889737,https://inaturalist-open-data.s3.amazonaws.com/photos/144953255/medium.jpg,желтоносая
89035405,https://inaturalist-open-data.s3.amazonaws.com/photos/146984315/medium.jpeg,желтоносая
89631332,https://inaturalist-open-data.s3.amazonaws.com/photos/148037451/medium.jpeg,желтоносая
91401396,https://inaturalist-open-data.s3.amazonaws.com/photos/151179809/medium.jpg,желтоносая
91445276,https://inaturalist-open-data.s3.amazonaws.com/photos/151261146/medium.jpg,желтоносая
92138909,https://inaturalist-open-data.s3.amazonaws.com/photos/152505947/medium.jpeg,желтоносая
92286370,https://static.inaturalist.org/photos/152781481/medium.jpeg,желтоносая
92479830,https://inaturalist-open-data.s3.amazonaws.com/photos/153131246/medium.jpeg,желтоносая
93031289,https://static.inaturalist.org/photos/154124331/medium.jpeg,желтоносая
93115624,https://static.inaturalist.org/photos/154274731/medium.jpg,желтоносая
94725787,https://inaturalist-open-data.s3.amazonaws.com/photos/157168985/medium.jpeg,желтоносая
94725788,https://inaturalist-open-data.s3.amazonaws.com/photos/157168911/medium.jpeg,желтоносая
95658822,https://static.inaturalist.org/photos/158829016/medium.jpeg,желтоносая
96196417,https://inaturalist-open-data.s3.amazonaws.com/photos/159783222/medium.jpg,желтоносая
96537160,https://inaturalist-open-data.s3.amazonaws.com/photos/160392288/medium.jpg,желтоносая
97150326,https://inaturalist-open-data.s3.amazonaws.com/photos/161509962/medium.jpeg,желтоносая
97329404,https://inaturalist-open-data.s3.amazonaws.com/photos/161851180/medium.jpeg,желтоносая
97619890,https://inaturalist-open-data.s3.amazonaws.com/photos/162380684/medium.jpeg,желтоносая
98001563,https://inaturalist-open-data.s3.amazonaws.com/photos/163080226/medium.jpeg,желтоносая
98185537,https://inaturalist-open-data.s3.amazonaws.com/photos/163426027/medium.jpeg,желтоносая
98517384,https://inaturalist-open-data.s3.amazonaws.com/photos/164039328/medium.jpg,желтоносая
98961474,https://inaturalist-open-data.s3.amazonaws.com/photos/164879434/medium.jpeg,желтоносая
98979202,https://inaturalist-open-data.s3.amazonaws.com/photos/164907803/medium.jpg,желтоносая
99197623,https://static.inaturalist.org/photos/165312624/medium.jpeg,желтоносая
99201065,https://static.inaturalist.org/photos/165320190/medium.jpeg,желтоносая
99222275,https://inaturalist-open-data.s3.amazonaws.com/photos/165357638/medium.jpg,желтоносая
99354195,https://inaturalist-open-data.s3.amazonaws.com/photos/165605406/medium.jpeg,желтоносая
99457733,https://inaturalist-open-data.s3.amazonaws.com/photos/165797924/medium.jpeg,желтоносая
99524817,https://static.inaturalist.org/photos/165928254/medium.jpeg,желтоносая
99525682,https://static.inaturalist.org/photos/165929516/medium.jpeg,желтоносая
99630874,https://inaturalist-open-data.s3.amazonaws.com/photos/166127038/medium.jpeg,желтоносая
99650886,https://static.inaturalist.org/photos/166163519/medium.jpeg,желтоносая
99706657,https://inaturalist-open-data.s3.amazonaws.com/photos/166271303/medium.jpeg,желтоносая
99707800,https://inaturalist-open-data.s3.amazonaws.com/photos/166273850/medium.jpg,желтоносая
99708496,https://inaturalist-open-data.s3.amazonaws.com/photos/166274268/medium.jpg,желтоносая
99870518,https://inaturalist-open-data.s3.amazonaws.com/photos/166582338/medium.jpeg,желтоносая
99947246,https://inaturalist-open-data.s3.amazonaws.com/photos/166731971/medium.jpg,желтоносая
99973972,https://inaturalist-open-data.s3.amazonaws.com/photos/166784109/medium.jpeg,желтоносая
100516434,https://inaturalist-open-data.s3.amazonaws.com/photos/167771183/medium.jpeg,желтоносая
100668209,https://inaturalist-open-data.s3.amazonaws.com/photos/168046656/medium.jpeg,желтоносая
101099092,https://inaturalist-open-data.s3.amazonaws.com/photos/168798687/medium.jpeg,желтоносая
101102978,https://inaturalist-open-data.s3.amazonaws.com/photos/168803550/medium.jpeg,желтоносая
101277682,https://static.inaturalist.org/photos/169121155/medium.jpeg,желтоносая
101341584,https://static.inaturalist.org/photos/169229876/medium.jpeg,желтоносая
101389726,https://inaturalist-open-data.s3.amazonaws.com/photos/169327045/medium.jpeg,желтоносая
101626759,https://inaturalist-open-data.s3.amazonaws.com/photos/169731552/medium.jpeg,желтоносая
101712813,https://static.inaturalist.org/photos/169888722/medium.jpg,желтоносая
101883003,https://static.inaturalist.org/photos/170207369/medium.jpeg,желтоносая
102253292,https://static.inaturalist.org/photos/170888514/medium.jpeg,желтоносая
102314551,https://inaturalist-open-data.s3.amazonaws.com/photos/171003769/medium.jpeg,желтоносая
102755347,https://inaturalist-open-data.s3.amazonaws.com/photos/171835221/medium.jpg,желтоносая
103090977,https://static.inaturalist.org/photos/172465983/medium.jpeg,желтоносая
103305515,https://static.inaturalist.org/photos/172859996/medium.jpeg,желтоносая
103424066,https://inaturalist-open-data.s3.amazonaws.com/photos/173091593/medium.jpg,желтоносая
103822118,https://inaturalist-open-data.s3.amazonaws.com/photos/173859342/medium.jpeg,желтоносая
103939052,https://inaturalist-open-data.s3.amazonaws.com/photos/174090118/medium.jpeg,желтоносая
103962961,https://inaturalist-open-data.s3.amazonaws.com/photos/174127808/medium.jpeg,желтоносая
103966000,https://inaturalist-open-data.s3.amazonaws.com/photos/174133997/medium.jpg,желтоносая
104104117,https://inaturalist-open-data.s3.amazonaws.com/photos/174395410/medium.jpg,желтоносая
104171305,https://inaturalist-open-data.s3.amazonaws.com/photos/174526541/medium.jpg,желтоносая
104176569,https://inaturalist-open-data.s3.amazonaws.com/photos/174536556/medium.jpg,желтоносая
104630321,https://inaturalist-open-data.s3.amazonaws.com/photos/175362619/medium.jpeg,желтоносая
105364406,https://inaturalist-open-data.s3.amazonaws.com/photos/176771996/medium.jpeg,желтоносая
105587486,https://inaturalist-open-data.s3.amazonaws.com/photos/177192965/medium.jpeg,желтоносая
105717969,https://inaturalist-open-data.s3.amazonaws.com/photos/177442795/medium.jpeg,желтоносая
105770861,https://inaturalist-open-data.s3.amazonaws.com/photos/177544794/medium.jpg,желтоносая
105947837,https://inaturalist-open-data.s3.amazonaws.com/photos/177885021/medium.jpeg,желтоносая
106003021,https://inaturalist-open-data.s3.amazonaws.com/photos/177985902/medium.jpeg,желтоносая
106056408,https://inaturalist-open-data.s3.amazonaws.com/photos/178084610/medium.jpeg,желтоносая
106377472,https://inaturalist-open-data.s3.amazonaws.com/photos/178687287/medium.jpg,желтоносая
106512756,https://inaturalist-open-data.s3.amazonaws.com/photos/178939333/medium.jpeg,желтоносая
106603744,https://inaturalist-open-data.s3.amazonaws.com/photos/179111983/medium.jpg,желтоносая
106751232,https://inaturalist-open-data.s3.amazonaws.com/photos/179395603/medium.jpg,желтоносая
106751263,https://inaturalist-open-data.s3.amazonaws.com/photos/179395694/medium.jpg,желтоносая
106751774,https://inaturalist-open-data.s3.amazonaws.com/photos/179396688/medium.jpg,желтоносая
106765252,https://inaturalist-open-data.s3.amazonaws.com/photos/179425353/medium.jpg,желтоносая
106853578,https://inaturalist-open-data.s3.amazonaws.com/photos/179595725/medium.jpeg,желтоносая
106950497,https://inaturalist-open-data.s3.amazonaws.com/photos/179778065/medium.jpg,желтоносая
106950499,https://inaturalist-open-data.s3.amazonaws.com/photos/179778076/medium.jpg,желтоносая
107243946,https://inaturalist-open-data.s3.amazonaws.com/photos/180332540/medium.jpeg,желтоносая
107244210,https://inaturalist-open-data.s3.amazonaws.com/photos/180332937/medium.jpeg,желтоносая
107312793,https://static.inaturalist.org/photos/180461958/medium.jpeg,желтоносая
107452486,https://inaturalist-open-data.s3.amazonaws.com/photos/180726496/medium.jpg,желтоносая
108489157,https://inaturalist-open-data.s3.amazonaws.com/photos/182659912/medium.jpeg,желтоносая
109909202,https://inaturalist-open-data.s3.amazonaws.com/photos/185330104/medium.jpeg,желтоносая
110086148,https://inaturalist-open-data.s3.amazonaws.com/photos/185650790/medium.jpg,желтоносая
110155728,https://inaturalist-open-data.s3.amazonaws.com/photos/185780690/medium.jpg,желтоносая
110184812,https://static.inaturalist.org/photos/185833309/medium.jpeg,желтоносая
110462840,https://inaturalist-open-data.s3.amazonaws.com/photos/186346558/medium.jpeg,желтоносая
110833366,https://inaturalist-open-data.s3.amazonaws.com/photos/187032774/medium.jpeg,желтоносая
110856299,https://inaturalist-open-data.s3.amazonaws.com/photos/187071435/medium.jpg,желтоносая
111289925,https://inaturalist-open-data.s3.amazonaws.com/photos/187857045/medium.jpeg,желтоносая
111513306,https://inaturalist-open-data.s3.amazonaws.com/photos/188252131/medium.jpg,желтоносая
111543732,https://inaturalist-open-data.s3.amazonaws.com/photos/188306788/medium.jpg,желтоносая
111788357,https://inaturalist-open-data.s3.amazonaws.com/photos/188757329/medium.jpg,желтоносая
111997661,https://inaturalist-open-data.s3.amazonaws.com/photos/189136130/medium.jpg,желтоносая
112152148,https://inaturalist-open-data.s3.amazonaws.com/photos/189413302/medium.jpg,желтоносая
112660066,https://static.inaturalist.org/photos/190307424/medium.jpeg,желтоносая
112705391,https://inaturalist-open-data.s3.amazonaws.com/photos/190379102/medium.jpeg,желтоносая
113341712,https://inaturalist-open-data.s3.amazonaws.com/photos/191512943/medium.jpg,желтоносая
113435707,https://static.inaturalist.org/photos/191648630/medium.jpeg,желтоносая
113505722,https://static.inaturalist.org/photos/191784228/medium.jpeg,желтоносая
113537172,https://inaturalist-open-data.s3.amazonaws.com/photos/191803735/medium.jpeg,желтоносая
113733249,https://static.inaturalist.org/photos/192131559/medium.jpg,желтоносая
113733626,https://inaturalist-open-data.s3.amazonaws.com/photos/192132288/medium.jpeg,желтоносая
113743144,https://inaturalist-open-data.s3.amazonaws.com/photos/192145392/medium.jpg,желтоносая
113770217,https://inaturalist-open-data.s3.amazonaws.com/photos/192187527/medium.jpg,желтоносая
113782957,https://inaturalist-open-data.s3.amazonaws.com/photos/192193762/medium.jpeg,желтоносая
113803279,https://inaturalist-open-data.s3.amazonaws.com/photos/192236315/medium.jpeg,желтоносая
113881349,https://inaturalist-open-data.s3.amazonaws.com/photos/192345203/medium.jpeg,желтоносая
113881387,https://inaturalist-open-data.s3.amazonaws.com/photos/192346473/medium.jpeg,желтоносая
113900029,https://inaturalist-open-data.s3.amazonaws.com/photos/192355701/medium.jpg,желтоносая
113925572,https://inaturalist-open-data.s3.amazonaws.com/photos/192423344/medium.jpeg,желтоносая
114152757,https://static.inaturalist.org/photos/192799195/medium.jpeg,желтоносая
114195246,https://static.inaturalist.org/photos/192864804/medium.jpeg,желтоносая
114268028,https://inaturalist-open-data.s3.amazonaws.com/photos/192963131/medium.jpeg,желтоносая
114302404,https://inaturalist-open-data.s3.amazonaws.com/photos/193029150/medium.jpeg,желтоносая
114311118,https://inaturalist-open-data.s3.amazonaws.com/photos/193043118/medium.jpeg,желтоносая
114343783,https://inaturalist-open-data.s3.amazonaws.com/photos/193001609/medium.jpeg,желтоносая
114605384,https://static.inaturalist.org/photos/193518380/medium.jpeg,желтоносая
114605458,https://static.inaturalist.org/photos/193518495/medium.jpeg,желтоносая
114628718,https://inaturalist-open-data.s3.amazonaws.com/photos/193552725/medium.jpeg,желтоносая
114636075,https://static.inaturalist.org/photos/193554122/medium.jpeg,желтоносая
114733247,https://static.inaturalist.org/photos/193706568/medium.jpeg,желтоносая
114774936,https://static.inaturalist.org/photos/193773226/medium.jpeg,желтоносая
114775310,https://static.inaturalist.org/photos/193773769/medium.jpeg,желтоносая
114793941,https://inaturalist-open-data.s3.amazonaws.com/photos/193801781/medium.jpg,желтоносая
114805204,https://inaturalist-open-data.s3.amazonaws.com/photos/193820933/medium.jpg,желтоносая
114860706,https://inaturalist-open-data.s3.amazonaws.com/photos/193907786/medium.jpeg,желтоносая
115085735,https://static.inaturalist.org/photos/194264129/medium.jpeg,желтоносая
115183638,https://inaturalist-open-data.s3.amazonaws.com/photos/194384442/medium.jpg,желтоносая
115299862,https://inaturalist-open-data.s3.amazonaws.com/photos/194629024/medium.jpeg,желтоносая
115331128,https://inaturalist-open-data.s3.amazonaws.com/photos/194681335/medium.jpg,желтоносая
115369160,https://inaturalist-open-data.s3.amazonaws.com/photos/194716441/medium.jpg,желтоносая
115369184,https://inaturalist-open-data.s3.amazonaws.com/photos/194716659/medium.jpg,желтоносая
115428468,https://inaturalist-open-data.s3.amazonaws.com/photos/194808084/medium.jpeg,желтоносая
115559472,https://inaturalist-open-data.s3.amazonaws.com/photos/195029194/medium.jpeg,желтоносая
115788531,https://inaturalist-open-data.s3.amazonaws.com/photos/195419740/medium.jpg,желтоносая
116105988,https://inaturalist-open-data.s3.amazonaws.com/photos/195957860/medium.jpg,желтоносая
117156446,https://inaturalist-open-data.s3.amazonaws.com/photos/197807734/medium.jpg,желтоносая
117310046,https://inaturalist-open-data.s3.amazonaws.com/photos/198096327/medium.jpeg,желтоносая
117953685,https://inaturalist-open-data.s3.amazonaws.com/photos/199245780/medium.jpeg,желтоносая
118341008,https://inaturalist-open-data.s3.amazonaws.com/photos/199935362/medium.jpg,желтоносая
118378957,https://inaturalist-open-data.s3.amazonaws.com/photos/199999861/medium.jpeg,желтоносая
118687200,https://static.inaturalist.org/photos/200558723/medium.jpeg,желтоносая
118957160,https://inaturalist-open-data.s3.amazonaws.com/photos/201038805/medium.jpeg,желтоносая
121076573,https://static.inaturalist.org/photos/204850425/medium.jpg,желтоносая
121453396,https://inaturalist-open-data.s3.amazonaws.com/photos/205519560/medium.jpg,желтоносая
121474214,https://inaturalist-open-data.s3.amazonaws.com/photos/205553727/medium.jpeg,желтоносая
121707738,https://inaturalist-open-data.s3.amazonaws.com/photos/205985866/medium.jpg,желтоносая
122439414,https://inaturalist-open-data.s3.amazonaws.com/photos/207305432/medium.jpg,желтоносая
122624751,https://inaturalist-open-data.s3.amazonaws.com/photos/207639084/medium.jpg,желтоносая
123209467,https://static.inaturalist.org/photos/208702269/medium.jpg,желтоносая
124979879,https://static.inaturalist.org/photos/211901916/medium.jpeg,желтоносая
125967910,https://inaturalist-open-data.s3.amazonaws.com/photos/213680152/medium.jpeg,желтоносая
125973462,https://inaturalist-open-data.s3.amazonaws.com/photos/213689519/medium.jpeg,желтоносая
125979958,https://inaturalist-open-data.s3.amazonaws.com/photos/213699770/medium.jpeg,желтоносая
126786361,https://inaturalist-open-data.s3.amazonaws.com/photos/215163370/medium.jpeg,желтоносая
128129621,https://inaturalist-open-data.s3.amazonaws.com/photos/217611681/medium.jpg,желтоносая
129684279,https://inaturalist-open-data.s3.amazonaws.com/photos/220422543/medium.jpeg,желтоносая
130341795,https://inaturalist-open-data.s3.amazonaws.com/photos/221652002/medium.jpeg,желтоносая
130341800,https://inaturalist-open-data.s3.amazonaws.com/photos/221652182/medium.jpeg,желтоносая
131254533,https://static.inaturalist.org/photos/223333785/medium.jpeg,желтоносая
131499386,https://inaturalist-open-data.s3.amazonaws.com/photos/223792175/medium.jpg,желтоносая
131709787,https://inaturalist-open-data.s3.amazonaws.com/photos/224178396/medium.jpg,желтоносая
131751802,https://inaturalist-open-data.s3.amazonaws.com/photos/224254970/medium.jpg,желтоносая
132274082,https://inaturalist-open-data.s3.amazonaws.com/photos/225231330/medium.jpeg,желтоносая
132398573,https://static.inaturalist.org/photos/225464214/medium.jpg,желтоносая
132972949,https://static.inaturalist.org/photos/226428492/medium.jpg,желтоносая
133308850,https://inaturalist-open-data.s3.amazonaws.com/photos/227054604/medium.jpeg,желтоносая
133315862,https://static.inaturalist.org/photos/227055832/medium.png,желтоносая
133496916,https://inaturalist-open-data.s3.amazonaws.com/photos/227393359/medium.jpg,желтоносая
133605946,https://inaturalist-open-data.s3.amazonaws.com/photos/227602441/medium.jpeg,желтоносая
134075110,https://inaturalist-open-data.s3.amazonaws.com/photos/228472804/medium.jpeg,желтоносая
134274168,https://inaturalist-open-data.s3.amazonaws.com/photos/228844381/medium.jpeg,желтоносая
134888209,https://inaturalist-open-data.s3.amazonaws.com/photos/229990448/medium.jpg,желтоносая
136055913,https://inaturalist-open-data.s3.amazonaws.com/photos/232150885/medium.jpeg,желтоносая
136888036,https://inaturalist-open-data.s3.amazonaws.com/photos/233696477/medium.jpeg,желтоносая
137404586,https://inaturalist-open-data.s3.amazonaws.com/photos/234667860/medium.jpeg,желтоносая
137618965,https://static.inaturalist.org/photos/235072705/medium.png,желтоносая
138978093,https://inaturalist-open-data.s3.amazonaws.com/photos/237618634/medium.jpeg,желтоносая
139102984,https://inaturalist-open-data.s3.amazonaws.com/photos/237855507/medium.jpg,желтоносая
139122255,https://static.inaturalist.org/photos/237892482/medium.jpeg,желтоносая
139363653,https://inaturalist-open-data.s3.amazonaws.com/photos/238348883/medium.jpeg,желтоносая
139514332,https://static.inaturalist.org/photos/238633768/medium.jpeg,желтоносая
139514345,https://static.inaturalist.org/photos/238633991/medium.jpeg,желтоносая
139725122,https://inaturalist-open-data.s3.amazonaws.com/photos/239039649/medium.jpeg,желтоносая
140066782,https://static.inaturalist.org/photos/251689372/medium.jpeg,желтоносая
140091978,https://static.inaturalist.org/photos/239746151/medium.jpg,желтоносая
140128141,https://inaturalist-open-data.s3.amazonaws.com/photos/239817358/medium.jpg,желтоносая
140230418,https://inaturalist-open-data.s3.amazonaws.com/photos/240011198/medium.jpeg,желтоносая
140230751,https://inaturalist-open-data.s3.amazonaws.com/photos/240012397/medium.jpeg,желтоносая
140233151,https://inaturalist-open-data.s3.amazonaws.com/photos/240016593/medium.jpeg,желтоносая
140304690,https://inaturalist-open-data.s3.amazonaws.com/photos/240151055/medium.jpg,желтоносая
140338057,https://inaturalist-open-data.s3.amazonaws.com/photos/240216175/medium.jpg,желтоносая
140347057,https://inaturalist-open-data.s3.amazonaws.com/photos/240231906/medium.jpeg,желтоносая
140355131,https://static.inaturalist.org/photos/240244777/medium.jpeg,желтоносая
140357836,https://inaturalist-open-data.s3.amazonaws.com/photos/240250047/medium.jpeg,желтоносая
140358368,https://inaturalist-open-data.s3.amazonaws.com/photos/240245427/medium.jpeg,желтоносая
140436711,https://inaturalist-open-data.s3.amazonaws.com/photos/240394246/medium.jpg,желтоносая
140478495,https://inaturalist-open-data.s3.amazonaws.com/photos/240474193/medium.jpg,желтоносая
140492138,https://inaturalist-open-data.s3.amazonaws.com/photos/240530198/medium.jpg,желтоносая
140545570,https://inaturalist-open-data.s3.amazonaws.com/photos/240593230/medium.jpg,желтоносая
140559342,https://inaturalist-open-data.s3.amazonaws.com/photos/240612198/medium.jpg,желтоносая
140559356,https://inaturalist-open-data.s3.amazonaws.com/photos/240612367/medium.jpg,желтоносая
140649981,https://inaturalist-open-data.s3.amazonaws.com/photos/240779954/medium.jpeg,желтоносая
140653021,https://inaturalist-open-data.s3.amazonaws.com/photos/240787676/medium.jpeg,желтоносая
140705221,https://static.inaturalist.org/photos/240891257/medium.jpeg,желтоносая
140745113,https://inaturalist-open-data.s3.amazonaws.com/photos/240965600/medium.jpg,желтоносая
140751606,https://inaturalist-open-data.s3.amazonaws.com/photos/240978351/medium.jpeg,желтоносая
140753086,https://inaturalist-open-data.s3.amazonaws.com/photos/240980193/medium.jpg,желтоносая
140755916,https://inaturalist-open-data.s3.amazonaws.com/photos/240985622/medium.jpg,желтоносая
140758986,https://inaturalist-open-data.s3.amazonaws.com/photos/240993172/medium.jpeg,желтоносая
140761955,https://inaturalist-open-data.s3.amazonaws.com/photos/240998819/medium.jpeg,желтоносая
140780915,https://inaturalist-open-data.s3.amazonaws.com/photos/241033540/medium.jpeg,желтоносая
140790153,https://inaturalist-open-data.s3.amazonaws.com/photos/241050064/medium.jpg,желтоносая
140812760,https://inaturalist-open-data.s3.amazonaws.com/photos/241094344/medium.jpg,желтоносая
140890287,https://inaturalist-open-data.s3.amazonaws.com/photos/241243199/medium.jpg,желтоносая
140972868,https://inaturalist-open-data.s3.amazonaws.com/photos/241398692/medium.jpeg,желтоносая
141059874,https://inaturalist-open-data.s3.amazonaws.com/photos/241564036/medium.jpeg,желтоносая
141061383,https://inaturalist-open-data.s3.amazonaws.com/photos/241567567/medium.jpeg,желтоносая
141061391,https://inaturalist-open-data.s3.amazonaws.com/photos/241567889/medium.jpeg,желтоносая
141069384,https://inaturalist-open-data.s3.amazonaws.com/photos/241581330/medium.jpeg,желтоносая
141134495,https://inaturalist-open-data.s3.amazonaws.com/photos/241705092/medium.jpg,желтоносая
141145170,https://inaturalist-open-data.s3.amazonaws.com/photos/241731184/medium.jpeg,желтоносая
141173907,https://inaturalist-open-data.s3.amazonaws.com/photos/241785587/medium.jpg,желтоносая
141255349,https://inaturalist-open-data.s3.amazonaws.com/photos/241948112/medium.jpeg,желтоносая
141260637,https://inaturalist-open-data.s3.amazonaws.com/photos/241953681/medium.jpeg,желтоносая
141294876,https://static.inaturalist.org/photos/242024812/medium.jpeg,желтоносая
141382980,https://inaturalist-open-data.s3.amazonaws.com/photos/242197815/medium.jpg,желтоносая
141431914,https://inaturalist-open-data.s3.amazonaws.com/photos/242277384/medium.jpg,желтоносая
141431920,https://inaturalist-open-data.s3.amazonaws.com/photos/242277445/medium.jpg,желтоносая
141624119,https://inaturalist-open-data.s3.amazonaws.com/photos/242667585/medium.jpeg,желтоносая
141668458,https://inaturalist-open-data.s3.amazonaws.com/photos/242753608/medium.jpeg,желтоносая
141670216,https://inaturalist-open-data.s3.amazonaws.com/photos/242751673/medium.jpeg,желтоносая
141680528,https://inaturalist-open-data.s3.amazonaws.com/photos/242776075/medium.jpeg,желтоносая
141703190,https://inaturalist-open-data.s3.amazonaws.com/photos/242820703/medium.jpeg,желтоносая
141704172,https://inaturalist-open-data.s3.amazonaws.com/photos/242821527/medium.jpeg,желтоносая
141715952,https://inaturalist-open-data.s3.amazonaws.com/photos/242842618/medium.jpeg,желтоносая
141829402,https://inaturalist-open-data.s3.amazonaws.com/photos/243052654/medium.jpeg,желтоносая
141829439,https://inaturalist-open-data.s3.amazonaws.com/photos/243057116/medium.jpeg,желтоносая
141880195,https://inaturalist-open-data.s3.amazonaws.com/photos/243156387/medium.jpg,желтоносая
141969489,https://inaturalist-open-data.s3.amazonaws.com/photos/243322993/medium.jpeg,желтоносая
141977051,https://inaturalist-open-data.s3.amazonaws.com/photos/243337715/medium.jpeg,желтоносая
142138550,https://inaturalist-open-data.s3.amazonaws.com/photos/243641559/medium.jpg,желтоносая
142138567,https://inaturalist-open-data.s3.amazonaws.com/photos/243641899/medium.jpg,желтоносая
142138568,https://inaturalist-open-data.s3.amazonaws.com/photos/243641930/medium.jpg,желтоносая
142178463,https://inaturalist-open-data.s3.amazonaws.com/photos/243711916/medium.jpeg,желтоносая
142224558,https://static.inaturalist.org/photos/244067136/medium.jpeg,желтоносая
142224575,https://static.inaturalist.org/photos/244067074/medium.jpeg,желтоносая
142316831,https://inaturalist-open-data.s3.amazonaws.com/photos/243965847/medium.jpg,желтоносая
142776222,https://inaturalist-open-data.s3.amazonaws.com/photos/244841410/medium.jpeg,желтоносая
142831810,https://inaturalist-open-data.s3.amazonaws.com/photos/244928436/medium.jpeg,желтоносая
143072578,https://static.inaturalist.org/photos/245353893/medium.jpg,желтоносая
143263070,https://static.inaturalist.org/photos/245677834/medium.jpeg,желтоносая
143562441,https://static.inaturalist.org/photos/246227426/medium.jpeg,желтоносая
143562582,https://static.inaturalist.org/photos/246227728/medium.jpeg,желтоносая
143562666,https://static.inaturalist.org/photos/246227877/medium.jpeg,желтоносая
143562806,https://static.inaturalist.org/photos/246228172/medium.jpeg,желтоносая
143563152,https://static.inaturalist.org/photos/246228573/medium.jpeg,желтоносая
143563263,https://static.inaturalist.org/photos/246228783/medium.jpeg,желтоносая
143563291,https://static.inaturalist.org/photos/246228848/medium.jpeg,желтоносая
143566446,https://inaturalist-open-data.s3.amazonaws.com/photos/246233257/medium.jpeg,желтоносая
143718783,https://static.inaturalist.org/photos/246519314/medium.jpeg,желтоносая
143890728,https://inaturalist-open-data.s3.amazonaws.com/photos/246853461/medium.jpeg,желтоносая
143939051,https://inaturalist-open-data.s3.amazonaws.com/photos/246945143/medium.jpg,желтоносая
144345223,https://static.inaturalist.org/photos/247717505/medium.jpeg,желтоносая
144461392,https://inaturalist-open-data.s3.amazonaws.com/photos/247941771/medium.jpeg,желтоносая
144481506,https://inaturalist-open-data.s3.amazonaws.com/photos/247982099/medium.jpeg,желтоносая
144529795,https://inaturalist-open-data.s3.amazonaws.com/photos/248076187/medium.jpg,желтоносая
144532511,https://inaturalist-open-data.s3.amazonaws.com/photos/248081624/medium.jpeg,желтоносая
144579312,https://inaturalist-open-data.s3.amazonaws.com/photos/248169939/medium.jpeg,желтоносая
144589657,https://inaturalist-open-data.s3.amazonaws.com/photos/248192463/medium.jpeg,желтоносая
144604616,https://inaturalist-open-data.s3.amazonaws.com/photos/248220134/medium.jpeg,желтоносая
144801935,https://static.inaturalist.org/photos/248607563/medium.jpeg,желтоносая
145090163,https://inaturalist-open-data.s3.amazonaws.com/photos/249167321/medium.jpeg,желтоносая
145428507,https://static.inaturalist.org/photos/249793826/medium.jpeg,желтоносая
145441766,https://inaturalist-open-data.s3.amazonaws.com/photos/249813358/medium.jpeg,желтоносая
145689218,https://static.inaturalist.org/photos/250297943/medium.jpeg,желтоносая
145752677,https://static.inaturalist.org/photos/250422936/medium.jpeg,желтоносая
146108048,https://inaturalist-open-data.s3.amazonaws.com/photos/251122624/medium.jpeg,желтоносая
146638268,https://inaturalist-open-data.s3.amazonaws.com/photos/252142112/medium.jpeg,желтоносая
146818141,https://inaturalist-open-data.s3.amazonaws.com/photos/252507909/medium.jpg,желтоносая
147010108,https://inaturalist-open-data.s3.amazonaws.com/photos/252884792/medium.jpg,желтоносая
147010323,https://inaturalist-open-data.s3.amazonaws.com/photos/252885205/medium.jpg,желтоносая
147186499,https://static.inaturalist.org/photos/253219441/medium.png,желтоносая
147191753,https://inaturalist-open-data.s3.amazonaws.com/photos/253231673/medium.jpg,желтоносая
147539204,https://static.inaturalist.org/photos/253894173/medium.jpg,желтоносая
147554338,https://inaturalist-open-data.s3.amazonaws.com/photos/253921111/medium.jpeg,желтоносая
147591425,https://inaturalist-open-data.s3.amazonaws.com/photos/253994779/medium.jpeg,желтоносая
147620143,https://inaturalist-open-data.s3.amazonaws.com/photos/254044657/medium.jpg,желтоносая
148026333,https://static.inaturalist.org/photos/254829723/medium.jpeg,желтоносая
148364892,https://static.inaturalist.org/photos/255475875/medium.jpeg,желтоносая
148439775,https://static.inaturalist.org/photos/255624363/medium.jpeg,желтоносая
148508941,https://inaturalist-open-data.s3.amazonaws.com/photos/255757613/medium.jpeg,желтоносая
148615568,https://inaturalist-open-data.s3.amazonaws.com/photos/255957918/medium.jpg,желтоносая
148629085,https://static.inaturalist.org/photos/255978256/medium.jpg,желтоносая
148983364,https://inaturalist-open-data.s3.amazonaws.com/photos/256649275/medium.jpeg,желтоносая
149016347,https://inaturalist-open-data.s3.amazonaws.com/photos/256715534/medium.jpeg,желтоносая
149064793,https://static.inaturalist.org/photos/256804980/medium.jpg,желтоносая
149305818,https://inaturalist-open-data.s3.amazonaws.com/photos/257256211/medium.jpg,желтоносая
149464988,https://inaturalist-open-data.s3.amazonaws.com/photos/257558371/medium.jpeg,желтоносая
149580890,https://inaturalist-open-data.s3.amazonaws.com/photos/257774024/medium.jpeg,желтоносая
149849648,https://static.inaturalist.org/photos/258282132/medium.jpeg,желтоносая
149896709,https://inaturalist-open-data.s3.amazonaws.com/photos/258370142/medium.jpeg,желтоносая
149908776,https://inaturalist-open-data.s3.amazonaws.com/photos/258393589/medium.jpeg,желтоносая
150123410,https://inaturalist-open-data.s3.amazonaws.com/photos/258796609/medium.jpeg,желтоносая
150191884,https://inaturalist-open-data.s3.amazonaws.com/photos/258929553/medium.jpeg,желтоносая
150200379,https://inaturalist-open-data.s3.amazonaws.com/photos/258945337/medium.jpeg,желтоносая
150221427,https://inaturalist-open-data.s3.amazonaws.com/photos/258981299/medium.jpg,желтоносая
150301017,https://inaturalist-open-data.s3.amazonaws.com/photos/259138734/medium.jpeg,желтоносая
150314841,https://inaturalist-open-data.s3.amazonaws.com/photos/259162721/medium.jpeg,желтоносая
150376621,https://inaturalist-open-data.s3.amazonaws.com/photos/259211251/medium.jpeg,желтоносая
150419930,https://inaturalist-open-data.s3.amazonaws.com/photos/259369502/medium.jpg,желтоносая
150493639,https://inaturalist-open-data.s3.amazonaws.com/photos/259511575/medium.jpg,желтоносая
150498609,https://static.inaturalist.org/photos/259522316/medium.jpg,желтоносая
150800671,https://inaturalist-open-data.s3.amazonaws.com/photos/260098163/medium.jpg,желтоносая
150821623,https://inaturalist-open-data.s3.amazonaws.com/photos/260137105/medium.jpg,желтоносая
150954207,https://inaturalist-open-data.s3.amazonaws.com/photos/260385517/medium.jpg,желтоносая
150954595,https://inaturalist-open-data.s3.amazonaws.com/photos/260386304/medium.jpg,желтоносая
150958363,https://inaturalist-open-data.s3.amazonaws.com/photos/260393721/medium.jpg,желтоносая
151486469,https://inaturalist-open-data.s3.amazonaws.com/photos/261385570/medium.jpg,желтоносая
151645906,https://inaturalist-open-data.s3.amazonaws.com/photos/261678860/medium.jpeg,желтоносая
151839653,https://static.inaturalist.org/photos/262050206/medium.jpeg,желтоносая
152020763,https://static.inaturalist.org/photos/262385397/medium.jpeg,желтоносая
152218974,https://inaturalist-open-data.s3.amazonaws.com/photos/262749040/medium.jpeg,желтоносая
152383412,https://static.inaturalist.org/photos/263052039/medium.jpeg,желтоносая
152479899,https://inaturalist-open-data.s3.amazonaws.com/photos/263227997/medium.jpg,желтоносая
152479924,https://inaturalist-open-data.s3.amazonaws.com/photos/263228364/medium.jpg,желтоносая
152479929,https://inaturalist-open-data.s3.amazonaws.com/photos/263228404/medium.jpg,желтоносая
152714078,https://static.inaturalist.org/photos/263663304/medium.jpeg,желтоносая
152754168,https://static.inaturalist.org/photos/263735772/medium.jpeg,желтоносая
152820130,https://inaturalist-open-data.s3.amazonaws.com/photos/263860754/medium.jpeg,желтоносая
153157149,https://inaturalist-open-data.s3.amazonaws.com/photos/264850717/medium.jpeg,желтоносая
153206025,https://inaturalist-open-data.s3.amazonaws.com/photos/264579096/medium.jpg,желтоносая
153229329,https://inaturalist-open-data.s3.amazonaws.com/photos/264617149/medium.jpg,желтоносая
153349447,https://inaturalist-open-data.s3.amazonaws.com/photos/264846133/medium.jpeg,желтоносая
153374839,https://inaturalist-open-data.s3.amazonaws.com/photos/264891157/medium.jpeg,желтоносая
153420754,https://inaturalist-open-data.s3.amazonaws.com/photos/264980651/medium.jpg,желтоносая
153437852,https://inaturalist-open-data.s3.amazonaws.com/photos/265009000/medium.jpeg,желтоносая
153937046,https://inaturalist-open-data.s3.amazonaws.com/photos/265946392/medium.jpeg,желтоносая
153967722,https://inaturalist-open-data.s3.amazonaws.com/photos/265986195/medium.jpg,желтоносая
154055048,https://inaturalist-open-data.s3.amazonaws.com/photos/266147054/medium.jpeg,желтоносая
154236097,https://inaturalist-open-data.s3.amazonaws.com/photos/266475387/medium.jpg,желтоносая
154236112,https://inaturalist-open-data.s3.amazonaws.com/photos/266475619/medium.jpg,желтоносая
154306450,https://static.inaturalist.org/photos/266609875/medium.jpeg,желтоносая
154658163,https://inaturalist-open-data.s3.amazonaws.com/photos/267251836/medium.jpeg,желтоносая
154704893,https://inaturalist-open-data.s3.amazonaws.com/photos/267335895/medium.jpg,желтоносая
154825273,https://inaturalist-open-data.s3.amazonaws.com/photos/267556667/medium.jpg,желтоносая
154945044,https://inaturalist-open-data.s3.amazonaws.com/photos/267779589/medium.jpeg,желтоносая
155491607,https://static.inaturalist.org/photos/268786071/medium.jpeg,желтоносая
156042323,https://inaturalist-open-data.s3.amazonaws.com/photos/269788020/medium.jpeg,желтоносая
156225689,https://inaturalist-open-data.s3.amazonaws.com/photos/270118201/medium.jpeg,желтоносая
156277338,https://inaturalist-open-data.s3.amazonaws.com/photos/270206735/medium.jpg,желтоносая
156293654,https://inaturalist-open-data.s3.amazonaws.com/photos/270238667/medium.jpeg,желтоносая
157207819,https://inaturalist-open-data.s3.amazonaws.com/photos/271846022/medium.jpg,желтоносая
157261285,https://inaturalist-open-data.s3.amazonaws.com/photos/271922395/medium.jpeg,желтоносая
157266512,https://inaturalist-open-data.s3.amazonaws.com/photos/271937233/medium.jpg,желтоносая
157497384,https://static.inaturalist.org/photos/272314868/medium.jpeg,желтоносая
157497531,https://static.inaturalist.org/photos/272315092/medium.jpeg,желтоносая
157501640,https://static.inaturalist.org/photos/272321408/medium.jpeg,желтоносая
157502988,https://static.inaturalist.org/photos/272323257/medium.jpeg,желтоносая
157512403,https://inaturalist-open-data.s3.amazonaws.com/photos/272336602/medium.jpeg,желтоносая
157517728,https://inaturalist-open-data.s3.amazonaws.com/photos/272343756/medium.jpg,желтоносая
157534949,https://static.inaturalist.org/photos/272367158/medium.jpeg,желтоносая
157580038,https://inaturalist-open-data.s3.amazonaws.com/photos/272434097/medium.jpg,желтоносая
157662200,https://inaturalist-open-data.s3.amazonaws.com/photos/272551366/medium.jpeg,желтоносая
157668429,https://static.inaturalist.org/photos/272575023/medium.jpeg,желтоносая
157693404,https://inaturalist-open-data.s3.amazonaws.com/photos/272529171/medium.jpeg,желтоносая
157710927,https://inaturalist-open-data.s3.amazonaws.com/photos/272642779/medium.jpeg,желтоносая
157720440,https://inaturalist-open-data.s3.amazonaws.com/photos/272624427/medium.jpeg,желтоносая
157745748,https://inaturalist-open-data.s3.amazonaws.com/photos/272698596/medium.jpeg,желтоносая
157974016,https://inaturalist-open-data.s3.amazonaws.com/photos/273070470/medium.jpg,желтоносая
157974081,https://inaturalist-open-data.s3.amazonaws.com/photos/273071237/medium.jpg,желтоносая
157974092,https://inaturalist-open-data.s3.amazonaws.com/photos/273071394/medium.jpg,желтоносая
157985233,https://static.inaturalist.org/photos/273094412/medium.jpeg,желтоносая
157987129,https://static.inaturalist.org/photos/273097403/medium.jpeg,желтоносая
158020654,https://inaturalist-open-data.s3.amazonaws.com/photos/273146070/medium.jpeg,желтоносая
158080100,https://inaturalist-open-data.s3.amazonaws.com/photos/273243703/medium.jpg,желтоносая
158091080,https://inaturalist-open-data.s3.amazonaws.com/photos/273260967/medium.jpg,желтоносая
158200482,https://inaturalist-open-data.s3.amazonaws.com/photos/273427969/medium.jpg,желтоносая
158209035,https://inaturalist-open-data.s3.amazonaws.com/photos/273419999/medium.jpeg,желтоносая
158515687,https://static.inaturalist.org/photos/273949426/medium.jpeg,желтоносая
158516230,https://static.inaturalist.org/photos/273950144/medium.jpeg,желтоносая
158518863,https://static.inaturalist.org/photos/273954285/medium.jpg,желтоносая
158538048,https://inaturalist-open-data.s3.amazonaws.com/photos/273984345/medium.jpeg,желтоносая
158552138,https://inaturalist-open-data.s3.amazonaws.com/photos/274005635/medium.jpg,желтоносая
158552699,https://static.inaturalist.org/photos/274006370/medium.jpg,желтоносая
158560606,https://static.inaturalist.org/photos/274017853/medium.jpeg,желтоносая
158579264,https://inaturalist-open-data.s3.amazonaws.com/photos/274046614/medium.jpeg,желтоносая
158582770,https://inaturalist-open-data.s3.amazonaws.com/photos/274050350/medium.jpeg,желтоносая
158598480,https://inaturalist-open-data.s3.amazonaws.com/photos/274074999/medium.jpg,желтоносая
158842663,https://inaturalist-open-data.s3.amazonaws.com/photos/274437116/medium.jpg,желтоносая
158897101,https://inaturalist-open-data.s3.amazonaws.com/photos/274539693/medium.jpg,желтоносая
159101497,https://static.inaturalist.org/photos/274867042/medium.jpeg,желтоносая
159132899,https://static.inaturalist.org/photos/274928609/medium.jpeg,желтоносая
159140035,https://inaturalist-open-data.s3.amazonaws.com/photos/274940798/medium.jpeg,желтоносая
159409212,https://inaturalist-open-data.s3.amazonaws.com/photos/275417384/medium.jpg,желтоносая
159441811,https://inaturalist-open-data.s3.amazonaws.com/photos/275473986/medium.jpg,желтоносая
159505442,https://inaturalist-open-data.s3.amazonaws.com/photos/275582093/medium.jpeg,желтоносая
159633741,https://inaturalist-open-data.s3.amazonaws.com/photos/275816351/medium.jpg,желтоносая
159843993,https://inaturalist-open-data.s3.amazonaws.com/photos/276192324/medium.jpg,желтоносая
159876006,https://inaturalist-open-data.s3.amazonaws.com/photos/276243786/medium.jpg,желтоносая
159876011,https://inaturalist-open-data.s3.amazonaws.com/photos/276244041/medium.jpg,желтоносая
159903126,https://static.inaturalist.org/photos/276296979/medium.jpeg,желтоносая
159930197,https://inaturalist-open-data.s3.amazonaws.com/photos/276333502/medium.jpeg,желтоносая
159930223,https://inaturalist-open-data.s3.amazonaws.com/photos/276334755/medium.jpeg,желтоносая
159936774,https://inaturalist-open-data.s3.amazonaws.com/photos/276345509/medium.jpeg,желтоносая
160034438,https://static.inaturalist.org/photos/276530492/medium.jpeg,желтоносая
160055951,https://inaturalist-open-data.s3.amazonaws.com/photos/276564016/medium.jpg,желтоносая
160319702,https://inaturalist-open-data.s3.amazonaws.com/photos/277026061/medium.jpeg,желтоносая
160368211,https://static.inaturalist.org/photos/277112692/medium.jpeg,желтоносая
160528670,https://inaturalist-open-data.s3.amazonaws.com/photos/277399093/medium.jpg,желтоносая
160554293,https://inaturalist-open-data.s3.amazonaws.com/photos/277443889/medium.jpg,желтоносая
160554353,https://inaturalist-open-data.s3.amazonaws.com/photos/277444551/medium.jpg,желтоносая
160562299,https://inaturalist-open-data.s3.amazonaws.com/photos/277454489/medium.jpeg,желтоносая
160611181,https://inaturalist-open-data.s3.amazonaws.com/photos/277543672/medium.jpg,желтоносая
160611236,https://inaturalist-open-data.s3.amazonaws.com/photos/277544571/medium.jpg,желтоносая
160613029,https://static.inaturalist.org/photos/277551453/medium.jpeg,желтоносая
160615935,https://inaturalist-open-data.s3.amazonaws.com/photos/277556564/medium.jpeg,желтоносая
161414640,https://inaturalist-open-data.s3.amazonaws.com/photos/278480853/medium.jpeg,желтоносая
161744190,https://inaturalist-open-data.s3.amazonaws.com/photos/279596235/medium.jpeg,желтоносая
161943128,https://static.inaturalist.org/photos/279967307/medium.jpeg,желтоносая
162271352,https://static.inaturalist.org/photos/280584267/medium.jpeg,желтоносая
162774291,https://inaturalist-open-data.s3.amazonaws.com/photos/281476544/medium.jpg,желтоносая
162884199,https://inaturalist-open-data.s3.amazonaws.com/photos/281670929/medium.jpeg,желтоносая
162912440,https://static.inaturalist.org/photos/281723882/medium.jpeg,желтоносая
162912609,https://static.inaturalist.org/photos/281724246/medium.jpeg,желтоносая
162912835,https://static.inaturalist.org/photos/281724654/medium.jpeg,желтоносая
162938234,https://static.inaturalist.org/photos/281769160/medium.jpeg,желтоносая
162938307,https://static.inaturalist.org/photos/281769325/medium.jpeg,желтоносая
162939935,https://static.inaturalist.org/photos/281771932/medium.jpeg,желтоносая
162973700,https://inaturalist-open-data.s3.amazonaws.com/photos/281829279/medium.jpeg,желтоносая
164657026,https://inaturalist-open-data.s3.amazonaws.com/photos/284920076/medium.jpg,желтоносая
165003403,https://inaturalist-open-data.s3.amazonaws.com/photos/285504617/medium.jpeg,желтоносая
165007837,https://inaturalist-open-data.s3.amazonaws.com/photos/285560655/medium.jpeg,желтоносая
165084745,https://inaturalist-open-data.s3.amazonaws.com/photos/285721240/medium.jpg,желтоносая
165084754,https://inaturalist-open-data.s3.amazonaws.com/photos/285721473/medium.jpg,желтоносая
165084766,https://inaturalist-open-data.s3.amazonaws.com/photos/285721695/medium.jpg,желтоносая
165091784,https://inaturalist-open-data.s3.amazonaws.com/photos/285736029/medium.jpg,желтоносая
165318452,https://inaturalist-open-data.s3.amazonaws.com/photos/286136439/medium.jpeg,желтоносая
165318463,https://inaturalist-open-data.s3.amazonaws.com/photos/286136515/medium.jpeg,желтоносая
166254324,https://inaturalist-open-data.s3.amazonaws.com/photos/287880062/medium.jpg,желтоносая
166270136,https://inaturalist-open-data.s3.amazonaws.com/photos/287894447/medium.jpeg,желтоносая
166585531,https://inaturalist-open-data.s3.amazonaws.com/photos/288489122/medium.jpeg,желтоносая
166798880,https://static.inaturalist.org/photos/288876437/medium.jpeg,желтоносая
167078432,https://inaturalist-open-data.s3.amazonaws.com/photos/289388502/medium.jpeg,желтоносая
167082505,https://inaturalist-open-data.s3.amazonaws.com/photos/289395721/medium.jpeg,желтоносая
167521012,https://inaturalist-open-data.s3.amazonaws.com/photos/310916418/medium.jpg,желтоносая
167548152,https://static.inaturalist.org/photos/290259430/medium.jpeg,желтоносая
167738897,https://inaturalist-open-data.s3.amazonaws.com/photos/290614099/medium.jpeg,желтоносая
167852633,https://inaturalist-open-data.s3.amazonaws.com/photos/290826278/medium.jpeg,желтоносая
167852640,https://inaturalist-open-data.s3.amazonaws.com/photos/290826380/medium.jpeg,желтоносая
167852647,https://inaturalist-open-data.s3.amazonaws.com/photos/290826426/medium.jpeg,желтоносая
168151623,https://inaturalist-open-data.s3.amazonaws.com/photos/291375118/medium.jpeg,желтоносая
168629516,https://inaturalist-open-data.s3.amazonaws.com/photos/292271859/medium.jpeg,желтоносая
168878098,https://inaturalist-open-data.s3.amazonaws.com/photos/292697184/medium.jpeg,желтоносая
168899350,https://static.inaturalist.org/photos/292765111/medium.jpeg,желтоносая
168955077,https://static.inaturalist.org/photos/292871196/medium.jpeg,желтоносая
169366467,https://inaturalist-open-data.s3.amazonaws.com/photos/293618084/medium.jpeg,желтоносая
169504084,https://static.inaturalist.org/photos/293870631/medium.jpeg,желтоносая
169506157,https://static.inaturalist.org/photos/293876523/medium.jpeg,желтоносая
169619812,https://inaturalist-open-data.s3.amazonaws.com/photos/294092364/medium.jpeg,желтоносая
169619815,https://inaturalist-open-data.s3.amazonaws.com/photos/294092390/medium.jpeg,желтоносая
169736031,https://inaturalist-open-data.s3.amazonaws.com/photos/294301316/medium.jpeg,желтоносая
169981780,https://inaturalist-open-data.s3.amazonaws.com/photos/294749069/medium.jpeg,желтоносая
170089690,https://inaturalist-open-data.s3.amazonaws.com/photos/294959366/medium.jpg,желтоносая
170462681,https://inaturalist-open-data.s3.amazonaws.com/photos/295658958/medium.jpg,желтоносая
170594306,https://inaturalist-open-data.s3.amazonaws.com/photos/295908002/medium.jpg,желтоносая
170790632,https://static.inaturalist.org/photos/296270294/medium.jpeg,желтоносая
171151806,https://inaturalist-open-data.s3.amazonaws.com/photos/296960939/medium.jpg,желтоносая
171206435,https://inaturalist-open-data.s3.amazonaws.com/photos/297058138/medium.jpg,желтоносая
171428558,https://inaturalist-open-data.s3.amazonaws.com/photos/297468426/medium.jpeg,желтоносая
171568065,https://inaturalist-open-data.s3.amazonaws.com/photos/297728965/medium.jpeg,желтоносая
171736407,https://static.inaturalist.org/photos/298103735/medium.jpeg,желтоносая
171912399,https://inaturalist-open-data.s3.amazonaws.com/photos/298362554/medium.jpeg,желтоносая
172088126,https://static.inaturalist.org/photos/298690510/medium.jpeg,желтоносая
172117618,https://inaturalist-open-data.s3.amazonaws.com/photos/298742405/medium.jpg,желтоносая
172213297,https://inaturalist-open-data.s3.amazonaws.com/photos/298926090/medium.jpeg,желтоносая
172484707,https://inaturalist-open-data.s3.amazonaws.com/photos/299438840/medium.jpeg,желтоносая
172619291,https://static.inaturalist.org/photos/299745737/medium.jpg,желтоносая
172696358,https://static.inaturalist.org/photos/299822391/medium.jpeg,желтоносая
172703292,https://inaturalist-open-data.s3.amazonaws.com/photos/299820681/medium.jpeg,желтоносая
172709240,https://static.inaturalist.org/photos/299848424/medium.jpeg,желтоносая
172713382,https://static.inaturalist.org/photos/299855991/medium.jpeg,желтоносая
172817428,https://inaturalist-open-data.s3.amazonaws.com/photos/300054805/medium.jpeg,желтоносая
172822193,https://inaturalist-open-data.s3.amazonaws.com/photos/300063793/medium.jpeg,желтоносая
172858198,https://static.inaturalist.org/photos/300125672/medium.jpeg,желтоносая
172946771,https://inaturalist-open-data.s3.amazonaws.com/photos/300293034/medium.jpeg,желтоносая
173000899,https://inaturalist-open-data.s3.amazonaws.com/photos/300394834/medium.jpg,желтоносая
173177512,https://inaturalist-open-data.s3.amazonaws.com/photos/300715501/medium.jpeg,желтоносая
173384539,https://inaturalist-open-data.s3.amazonaws.com/photos/301096550/medium.jpeg,желтоносая
173409534,https://inaturalist-open-data.s3.amazonaws.com/photos/301143287/medium.jpeg,желтоносая
173568398,https://static.inaturalist.org/photos/301433085/medium.jpeg,желтоносая
173654367,https://static.inaturalist.org/photos/301585057/medium.jpeg,желтоносая
173654370,https://static.inaturalist.org/photos/301585210/medium.jpeg,желтоносая
173688651,https://static.inaturalist.org/photos/301652396/medium.jpeg,желтоносая
174118483,https://inaturalist-open-data.s3.amazonaws.com/photos/302455911/medium.jpeg,желтоносая
174428096,https://inaturalist-open-data.s3.amazonaws.com/photos/303031518/medium.jpeg,желтоносая
174473234,https://inaturalist-open-data.s3.amazonaws.com/photos/303112923/medium.jpeg,желтоносая
174544012,https://inaturalist-open-data.s3.amazonaws.com/photos/303236963/medium.jpeg,желтоносая
174632427,https://inaturalist-open-data.s3.amazonaws.com/photos/303405625/medium.jpeg,желтоносая
174836476,https://static.inaturalist.org/photos/303786270/medium.jpg,желтоносая
175027524,https://inaturalist-open-data.s3.amazonaws.com/photos/304142055/medium.jpeg,желтоносая
175190847,https://inaturalist-open-data.s3.amazonaws.com/photos/304436889/medium.jpeg,желтоносая
175454267,https://static.inaturalist.org/photos/304924540/medium.jpg,желтоносая
175502701,https://inaturalist-open-data.s3.amazonaws.com/photos/305013838/medium.jpeg,желтоносая
175914258,https://inaturalist-open-data.s3.amazonaws.com/photos/305771603/medium.jpg,желтоносая
175914265,https://inaturalist-open-data.s3.amazonaws.com/photos/305771646/medium.jpg,желтоносая
175932950,https://inaturalist-open-data.s3.amazonaws.com/photos/305806333/medium.jpg,желтоносая
176401616,https://inaturalist-open-data.s3.amazonaws.com/photos/306801016/medium.jpeg,желтоносая
176574587,https://inaturalist-open-data.s3.amazonaws.com/photos/307001092/medium.jpeg,желтоносая
176617395,https://inaturalist-open-data.s3.amazonaws.com/photos/307080129/medium.jpeg,желтоносая
176747735,https://inaturalist-open-data.s3.amazonaws.com/photos/307324769/medium.jpeg,желтоносая
176836602,https://inaturalist-open-data.s3.amazonaws.com/photos/307482849/medium.jpeg,желтоносая
177285794,https://inaturalist-open-data.s3.amazonaws.com/photos/308320961/medium.jpg,желтоносая
177322000,https://inaturalist-open-data.s3.amazonaws.com/photos/308390521/medium.jpeg,желтоносая
177465287,https://static.inaturalist.org/photos/308657319/medium.jpeg,желтоносая
177563209,https://inaturalist-open-data.s3.amazonaws.com/photos/308836181/medium.jpeg,желтоносая
177563213,https://inaturalist-open-data.s3.amazonaws.com/photos/308836428/medium.jpeg,желтоносая
177625610,https://inaturalist-open-data.s3.amazonaws.com/photos/308962092/medium.jpeg,желтоносая
177775053,https://static.inaturalist.org/photos/309240354/medium.jpeg,желтоносая
177775090,https://static.inaturalist.org/photos/309240409/medium.jpeg,желтоносая
177775188,https://static.inaturalist.org/photos/309240684/medium.jpeg,желтоносая
177775240,https://static.inaturalist.org/photos/309240848/medium.jpeg,желтоносая
177775347,https://static.inaturalist.org/photos/309241067/medium.jpeg,желтоносая
177775474,https://static.inaturalist.org/photos/309241374/medium.jpeg,желтоносая
177775525,https://static.inaturalist.org/photos/309241422/medium.jpeg,желтоносая
177775665,https://static.inaturalist.org/photos/309241667/medium.jpeg,желтоносая
177775746,https://static.inaturalist.org/photos/309241881/medium.jpeg,желтоносая
177775769,https://static.inaturalist.org/photos/309241934/medium.jpeg,желтоносая
177775822,https://static.inaturalist.org/photos/309242073/medium.jpeg,желтоносая
177776067,https://static.inaturalist.org/photos/309242698/medium.jpeg,желтоносая
177776150,https://static.inaturalist.org/photos/309242835/medium.jpeg,желтоносая
177862847,https://inaturalist-open-data.s3.amazonaws.com/photos/309401586/medium.jpeg,желтоносая
178032167,https://inaturalist-open-data.s3.amazonaws.com/photos/309718703/medium.jpg,желтоносая
178221906,https://inaturalist-open-data.s3.amazonaws.com/photos/310081197/medium.jpeg,желтоносая
178370590,https://inaturalist-open-data.s3.amazonaws.com/photos/310372882/medium.jpeg,желтоносая
178501636,https://inaturalist-open-data.s3.amazonaws.com/photos/310623702/medium.jpeg,желтоносая
178640571,https://static.inaturalist.org/photos/310888165/medium.jpg,желтоносая
178656778,https://inaturalist-open-data.s3.amazonaws.com/photos/310918157/medium.jpg,желтоносая
178681763,https://inaturalist-open-data.s3.amazonaws.com/photos/310965620/medium.jpeg,желтоносая
178708781,https://inaturalist-open-data.s3.amazonaws.com/photos/311014643/medium.jpeg,желтоносая
178827964,https://inaturalist-open-data.s3.amazonaws.com/photos/311244646/medium.jpg,желтоносая
178847296,https://inaturalist-open-data.s3.amazonaws.com/photos/311279760/medium.jpeg,желтоносая
178953149,https://inaturalist-open-data.s3.amazonaws.com/photos/311487490/medium.jpeg,желтоносая
179214725,https://inaturalist-open-data.s3.amazonaws.com/photos/311956759/medium.jpeg,желтоносая
179281400,https://inaturalist-open-data.s3.amazonaws.com/photos/312100872/medium.jpeg,желтоносая
179315910,https://inaturalist-open-data.s3.amazonaws.com/photos/312159636/medium.jpeg,желтоносая
179318638,https://inaturalist-open-data.s3.amazonaws.com/photos/312163284/medium.jpg,желтоносая
179344680,https://inaturalist-open-data.s3.amazonaws.com/photos/312213457/medium.jpg,желтоносая
179364770,https://static.inaturalist.org/photos/312250913/medium.jpeg,желтоносая
179498993,https://static.inaturalist.org/photos/312511061/medium.jpeg,желтоносая
179655047,https://inaturalist-open-data.s3.amazonaws.com/photos/312810518/medium.jpg,желтоносая
179935480,https://inaturalist-open-data.s3.amazonaws.com/photos/313341542/medium.jpeg,желтоносая
180101872,https://static.inaturalist.org/photos/313663619/medium.jpg,желтоносая
180400832,https://inaturalist-open-data.s3.amazonaws.com/photos/314240247/medium.jpeg,желтоносая
180422119,https://inaturalist-open-data.s3.amazonaws.com/photos/314277910/medium.jpg,желтоносая
180424217,https://inaturalist-open-data.s3.amazonaws.com/photos/314278835/medium.jpeg,желтоносая
181053831,https://inaturalist-open-data.s3.amazonaws.com/photos/315489385/medium.jpeg,желтоносая
181095442,https://static.inaturalist.org/photos/315567561/medium.jpg,желтоносая
181102338,https://inaturalist-open-data.s3.amazonaws.com/photos/315579473/medium.jpeg,желтоносая
181116348,https://inaturalist-open-data.s3.amazonaws.com/photos/315605038/medium.jpg,желтоносая
181403027,https://inaturalist-open-data.s3.amazonaws.com/photos/316105924/medium.jpg,желтоносая
181803031,https://inaturalist-open-data.s3.amazonaws.com/photos/316858764/medium.jpg,желтоносая
182035908,https://inaturalist-open-data.s3.amazonaws.com/photos/317316948/medium.jpg,желтоносая
182327088,https://inaturalist-open-data.s3.amazonaws.com/photos/317678793/medium.jpeg,желтоносая
182432354,https://inaturalist-open-data.s3.amazonaws.com/photos/318082188/medium.jpg,желтоносая
182488934,https://inaturalist-open-data.s3.amazonaws.com/photos/318189992/medium.jpg,желтоносая
182639882,https://static.inaturalist.org/photos/318468865/medium.jpeg,желтоносая
182655023,https://inaturalist-open-data.s3.amazonaws.com/photos/318510716/medium.jpg,желтоносая
182655947,https://inaturalist-open-data.s3.amazonaws.com/photos/318512496/medium.jpg,желтоносая
182763757,https://inaturalist-open-data.s3.amazonaws.com/photos/318717181/medium.jpeg,желтоносая
182801830,https://inaturalist-open-data.s3.amazonaws.com/photos/318794286/medium.jpeg,желтоносая
182801861,https://inaturalist-open-data.s3.amazonaws.com/photos/318794501/medium.jpeg,желтоносая
182889728,https://inaturalist-open-data.s3.amazonaws.com/photos/318968323/medium.jpeg,желтоносая
182936948,https://static.inaturalist.org/photos/319064385/medium.jpeg,желтоносая
183342199,https://inaturalist-open-data.s3.amazonaws.com/photos/319848063/medium.jpeg,желтоносая
183343191,https://inaturalist-open-data.s3.amazonaws.com/photos/319849556/medium.jpeg,желтоносая
183692182,https://inaturalist-open-data.s3.amazonaws.com/photos/320508824/medium.jpeg,желтоносая
183692192,https://inaturalist-open-data.s3.amazonaws.com/photos/320508844/medium.jpeg,желтоносая
183692203,https://inaturalist-open-data.s3.amazonaws.com/photos/320508900/medium.jpeg,желтоносая
183692234,https://inaturalist-open-data.s3.amazonaws.com/photos/320509337/medium.jpeg,желтоносая
183692273,https://inaturalist-open-data.s3.amazonaws.com/photos/320509589/medium.jpeg,желтоносая
183700019,https://static.inaturalist.org/photos/320531904/medium.jpeg,желтоносая
183949984,https://inaturalist-open-data.s3.amazonaws.com/photos/321010875/medium.jpeg,желтоносая
184136094,https://inaturalist-open-data.s3.amazonaws.com/photos/321351630/medium.jpg,желтоносая
184419981,https://inaturalist-open-data.s3.amazonaws.com/photos/321912671/medium.jpeg,желтоносая
184527466,https://static.inaturalist.org/photos/322113489/medium.jpg,желтоносая
184851305,https://inaturalist-open-data.s3.amazonaws.com/photos/322723397/medium.jpeg,желтоносая
185165858,https://inaturalist-open-data.s3.amazonaws.com/photos/323341213/medium.jpeg,желтоносая
185168455,https://inaturalist-open-data.s3.amazonaws.com/photos/323343131/medium.jpeg,желтоносая
185172155,https://inaturalist-open-data.s3.amazonaws.com/photos/323352026/medium.jpeg,желтоносая
185311872,https://inaturalist-open-data.s3.amazonaws.com/photos/323620960/medium.jpg,желтоносая
185345953,https://inaturalist-open-data.s3.amazonaws.com/photos/323686801/medium.jpg,желтоносая
185403476,https://inaturalist-open-data.s3.amazonaws.com/photos/323798936/medium.jpeg,желтоносая
185498966,https://inaturalist-open-data.s3.amazonaws.com/photos/323967936/medium.jpg,желтоносая
185525685,https://inaturalist-open-data.s3.amazonaws.com/photos/324026933/medium.jpeg,желтоносая
185582464,https://inaturalist-open-data.s3.amazonaws.com/photos/324136505/medium.jpeg,желтоносая
185718787,https://inaturalist-open-data.s3.amazonaws.com/photos/324394230/medium.jpeg,желтоносая
185751656,https://inaturalist-open-data.s3.amazonaws.com/photos/324462581/medium.jpeg,желтоносая
185753415,https://inaturalist-open-data.s3.amazonaws.com/photos/324466441/medium.jpeg,желтоносая
185755451,https://inaturalist-open-data.s3.amazonaws.com/photos/324470962/medium.jpeg,желтоносая
185791787,https://inaturalist-open-data.s3.amazonaws.com/photos/324512038/medium.jpeg,желтоносая
185925721,https://inaturalist-open-data.s3.amazonaws.com/photos/324801960/medium.jpg,желтоносая
185944617,https://inaturalist-open-data.s3.amazonaws.com/photos/324838509/medium.jpeg,желтоносая
185946171,https://static.inaturalist.org/photos/324843457/medium.jpeg,желтоносая
185949335,https://inaturalist-open-data.s3.amazonaws.com/photos/324850730/medium.jpeg,желтоносая
185953469,https://inaturalist-open-data.s3.amazonaws.com/photos/324855641/medium.jpeg,желтоносая
186077847,https://inaturalist-open-data.s3.amazonaws.com/photos/325100503/medium.jpeg,желтоносая
186081763,https://static.inaturalist.org/photos/325111184/medium.jpeg,желтоносая
186120200,https://inaturalist-open-data.s3.amazonaws.com/photos/325189323/medium.jpeg,желтоносая
186171873,https://inaturalist-open-data.s3.amazonaws.com/photos/325286181/medium.jpeg,желтоносая
186172961,https://inaturalist-open-data.s3.amazonaws.com/photos/325289175/medium.jpeg,желтоносая
186174332,https://inaturalist-open-data.s3.amazonaws.com/photos/325291257/medium.jpeg,желтоносая
186198118,https://static.inaturalist.org/photos/325340717/medium.jpg,желтоносая
186264137,https://static.inaturalist.org/photos/325476124/medium.jpeg,желтоносая
186265443,https://inaturalist-open-data.s3.amazonaws.com/photos/325478361/medium.jpeg,желтоносая
186266816,https://static.inaturalist.org/photos/325481811/medium.jpeg,желтоносая
186266853,https://static.inaturalist.org/photos/325481958/medium.jpeg,желтоносая
186409743,https://inaturalist-open-data.s3.amazonaws.com/photos/325759932/medium.jpeg,желтоносая
186449018,https://inaturalist-open-data.s3.amazonaws.com/photos/325834769/medium.jpeg,желтоносая
186535992,https://inaturalist-open-data.s3.amazonaws.com/photos/326009436/medium.jpeg,желтоносая
186693975,https://inaturalist-open-data.s3.amazonaws.com/photos/326316630/medium.jpg,желтоносая
186693979,https://inaturalist-open-data.s3.amazonaws.com/photos/326316660/medium.jpg,желтоносая
186712708,https://inaturalist-open-data.s3.amazonaws.com/photos/326338744/medium.jpg,желтоносая
186712735,https://inaturalist-open-data.s3.amazonaws.com/photos/326338800/medium.jpg,желтоносая
186712750,https://inaturalist-open-data.s3.amazonaws.com/photos/326338838/medium.jpg,желтоносая
186712939,https://inaturalist-open-data.s3.amazonaws.com/photos/326339529/medium.jpg,желтоносая
186712946,https://inaturalist-open-data.s3.amazonaws.com/photos/326339576/medium.jpg,желтоносая
186723910,https://inaturalist-open-data.s3.amazonaws.com/photos/326374534/medium.jpeg,желтоносая
186830317,https://inaturalist-open-data.s3.amazonaws.com/photos/326578842/medium.jpeg,желтоносая
186972505,https://inaturalist-open-data.s3.amazonaws.com/photos/326871741/medium.jpg,желтоносая
187216167,https://static.inaturalist.org/photos/331449150/medium.jpeg,желтоносая
187366557,https://inaturalist-open-data.s3.amazonaws.com/photos/327651196/medium.jpg,желтоносая
187391829,https://static.inaturalist.org/photos/327697697/medium.jpeg,желтоносая
187449856,https://inaturalist-open-data.s3.amazonaws.com/photos/327812738/medium.jpg,желтоносая
187615476,https://static.inaturalist.org/photos/328143116/medium.jpeg,желтоносая
187621861,https://static.inaturalist.org/photos/328155342/medium.jpeg,желтоносая
187621899,https://static.inaturalist.org/photos/328155402/medium.jpeg,желтоносая
187623657,https://inaturalist-open-data.s3.amazonaws.com/photos/328158738/medium.jpeg,желтоносая
187623713,https://static.inaturalist.org/photos/328158810/medium.jpeg,желтоносая
188182529,https://inaturalist-open-data.s3.amazonaws.com/photos/329281563/medium.jpg,желтоносая
188236777,https://static.inaturalist.org/photos/329397119/medium.jpg,желтоносая
188507620,https://inaturalist-open-data.s3.amazonaws.com/photos/329954517/medium.jpeg,желтоносая
188522527,https://inaturalist-open-data.s3.amazonaws.com/photos/329981864/medium.jpeg,желтоносая
188528251,https://inaturalist-open-data.s3.amazonaws.com/photos/329995012/medium.jpeg,желтоносая
189035527,https://inaturalist-open-data.s3.amazonaws.com/photos/331031498/medium.jpeg,желтоносая
189122585,https://inaturalist-open-data.s3.amazonaws.com/photos/331211620/medium.jpg,желтоносая
189169168,https://inaturalist-open-data.s3.amazonaws.com/photos/331304025/medium.jpeg,желтоносая
189169245,https://inaturalist-open-data.s3.amazonaws.com/photos/331304235/medium.jpeg,желтоносая
189276603,https://inaturalist-open-data.s3.amazonaws.com/photos/331514134/medium.jpeg,желтоносая
189548159,https://inaturalist-open-data.s3.amazonaws.com/photos/332079463/medium.jpg,желтоносая
189653344,https://inaturalist-open-data.s3.amazonaws.com/photos/332292565/medium.jpeg,желтоносая
189736776,https://inaturalist-open-data.s3.amazonaws.com/photos/332462617/medium.jpeg,желтоносая
189988927,https://inaturalist-open-data.s3.amazonaws.com/photos/332953615/medium.jpg,желтоносая
190205786,https://inaturalist-open-data.s3.amazonaws.com/photos/333367030/medium.png,желтоносая
190574974,https://inaturalist-open-data.s3.amazonaws.com/photos/334160545/medium.jpeg,желтоносая
190671755,https://inaturalist-open-data.s3.amazonaws.com/photos/334306920/medium.jpeg,желтоносая
190729153,https://inaturalist-open-data.s3.amazonaws.com/photos/334420565/medium.jpeg,желтоносая
190778800,https://inaturalist-open-data.s3.amazonaws.com/photos/334522421/medium.jpeg,желтоносая
190992004,https://inaturalist-open-data.s3.amazonaws.com/photos/334943558/medium.jpeg,желтоносая
191022059,https://static.inaturalist.org/photos/335003748/medium.jpeg,желтоносая
191410674,https://inaturalist-open-data.s3.amazonaws.com/photos/335782355/medium.jpeg,желтоносая
191446470,https://inaturalist-open-data.s3.amazonaws.com/photos/335856599/medium.jpeg,желтоносая
191596754,https://inaturalist-open-data.s3.amazonaws.com/photos/336155853/medium.jpeg,желтоносая
191682687,https://inaturalist-open-data.s3.amazonaws.com/photos/336321381/medium.png,желтоносая
191682695,https://inaturalist-open-data.s3.amazonaws.com/photos/336321473/medium.jpeg,желтоносая
192073862,https://inaturalist-open-data.s3.amazonaws.com/photos/337105126/medium.jpg,желтоносая
192176195,https://inaturalist-open-data.s3.amazonaws.com/photos/337307605/medium.jpg,желтоносая
192393461,https://inaturalist-open-data.s3.amazonaws.com/photos/337729172/medium.jpg,желтоносая
192440525,https://inaturalist-open-data.s3.amazonaws.com/photos/337823272/medium.jpeg,желтоносая
192448793,https://inaturalist-open-data.s3.amazonaws.com/photos/337839905/medium.jpeg,желтоносая
192542394,https://inaturalist-open-data.s3.amazonaws.com/photos/338028516/medium.jpg,желтоносая
192724903,https://inaturalist-open-data.s3.amazonaws.com/photos/338392569/medium.jpg,желтоносая
192753581,https://inaturalist-open-data.s3.amazonaws.com/photos/338448232/medium.jpeg,желтоносая
192804460,https://inaturalist-open-data.s3.amazonaws.com/photos/338536712/medium.jpeg,желтоносая
192810235,https://inaturalist-open-data.s3.amazonaws.com/photos/338559618/medium.jpeg,желтоносая
192830701,https://inaturalist-open-data.s3.amazonaws.com/photos/338602631/medium.jpg,желтоносая
193026333,https://inaturalist-open-data.s3.amazonaws.com/photos/338998236/medium.jpeg,желтоносая
193043280,https://inaturalist-open-data.s3.amazonaws.com/photos/339033119/medium.jpg,желтоносая
193044156,https://inaturalist-open-data.s3.amazonaws.com/photos/339035293/medium.jpg,желтоносая
193049465,https://inaturalist-open-data.s3.amazonaws.com/photos/339046354/medium.jpg,желтоносая
193049466,https://inaturalist-open-data.s3.amazonaws.com/photos/339046344/medium.jpg,желтоносая
193049485,https://inaturalist-open-data.s3.amazonaws.com/photos/339046432/medium.jpg,желтоносая
193136478,https://inaturalist-open-data.s3.amazonaws.com/photos/339220201/medium.jpeg,желтоносая
193203697,https://static.inaturalist.org/photos/339361909/medium.jpeg,желтоносая
193211410,https://inaturalist-open-data.s3.amazonaws.com/photos/339377513/medium.jpeg,желтоносая
193246792,https://inaturalist-open-data.s3.amazonaws.com/photos/339445372/medium.jpeg,желтоносая
193363208,https://static.inaturalist.org/photos/339671416/medium.jpeg,желтоносая
193363274,https://static.inaturalist.org/photos/339671575/medium.jpeg,желтоносая
193363441,https://inaturalist-open-data.s3.amazonaws.com/photos/339671728/medium.jpg,желтоносая
193367533,https://static.inaturalist.org/photos/339675791/medium.jpeg,желтоносая
193405546,https://static.inaturalist.org/photos/339736687/medium.jpeg,желтоносая
193405547,https://static.inaturalist.org/photos/339736717/medium.jpeg,желтоносая
193551433,https://static.inaturalist.org/photos/340008824/medium.jpg,желтоносая
193583199,https://static.inaturalist.org/photos/340072846/medium.jpeg,желтоносая
193589692,https://static.inaturalist.org/photos/340091688/medium.jpg,желтоносая
193663321,https://static.inaturalist.org/photos/340222465/medium.jpeg,желтоносая
193663322,https://static.inaturalist.org/photos/340222496/medium.jpeg,желтоносая
193691230,https://inaturalist-open-data.s3.amazonaws.com/photos/340273221/medium.jpeg,желтоносая
193698317,https://inaturalist-open-data.s3.amazonaws.com/photos/340281962/medium.jpeg,желтоносая
193698324,https://inaturalist-open-data.s3.amazonaws.com/photos/340281995/medium.jpeg,желтоносая
193704716,https://inaturalist-open-data.s3.amazonaws.com/photos/340300402/medium.jpeg,желтоносая
193728768,https://inaturalist-open-data.s3.amazonaws.com/photos/340347708/medium.jpeg,желтоносая
193865839,https://inaturalist-open-data.s3.amazonaws.com/photos/340623546/medium.jpeg,желтоносая
193865852,https://inaturalist-open-data.s3.amazonaws.com/photos/340623684/medium.jpeg,желтоносая
193869125,https://inaturalist-open-data.s3.amazonaws.com/photos/340632647/medium.jpeg,желтоносая
193872501,https://static.inaturalist.org/photos/340640697/medium.jpeg,желтоносая
193904604,https://inaturalist-open-data.s3.amazonaws.com/photos/340701126/medium.jpg,желтоносая
194046544,https://inaturalist-open-data.s3.amazonaws.com/photos/340985485/medium.jpeg,желтоносая
194089860,https://inaturalist-open-data.s3.amazonaws.com/photos/341067521/medium.jpg,желтоносая
194089872,https://inaturalist-open-data.s3.amazonaws.com/photos/341067561/medium.jpg,желтоносая
194092687,https://inaturalist-open-data.s3.amazonaws.com/photos/341076375/medium.jpg,желтоносая
194136826,https://static.inaturalist.org/photos/341120913/medium.jpeg,желтоносая
194195072,https://static.inaturalist.org/photos/341286905/medium.jpeg,желтоносая
194225799,https://inaturalist-open-data.s3.amazonaws.com/photos/341345470/medium.jpeg,желтоносая
194261392,https://inaturalist-open-data.s3.amazonaws.com/photos/341420866/medium.jpg,желтоносая
194277350,https://inaturalist-open-data.s3.amazonaws.com/photos/341453752/medium.jpeg,желтоносая
194283271,https://inaturalist-open-data.s3.amazonaws.com/photos/341466826/medium.jpeg,желтоносая
194359894,https://static.inaturalist.org/photos/341624765/medium.jpg,желтоносая
194492640,https://inaturalist-open-data.s3.amazonaws.com/photos/341888776/medium.jpeg,желтоносая
194525338,https://inaturalist-open-data.s3.amazonaws.com/photos/341955285/medium.jpeg,желтоносая
194539970,https://inaturalist-open-data.s3.amazonaws.com/photos/341985412/medium.jpeg,желтоносая
